1527106102748,Wed May 23 22:08:22 2018,SessionManager,up
1527106102754,Wed May 23 22:08:22 2018,SessionManager,up
1527106112765,Wed May 23 22:08:32 2018,SessionManager,up
1527106129236,Wed May 23 22:08:49 2018,SessionManager,up
1527106129236,Wed May 23 22:08:49 2018,SessionManager,down
1527106145512,Wed May 23 22:09:05 2018,SessionManager,up
1527106145512,Wed May 23 22:09:05 2018,SessionManager,down
1527106166004,Wed May 23 22:09:26 2018,SessionManager,up
1527106166004,Wed May 23 22:09:26 2018,SessionManager,down
1527106176015,Wed May 23 22:09:36 2018,SessionManager,up
1527106186028,Wed May 23 22:09:46 2018,SessionManager,up
1527106196040,Wed May 23 22:09:56 2018,SessionManager,up
1527106206054,Wed May 23 22:10:06 2018,SessionManager,up
1527106216065,Wed May 23 22:10:16 2018,SessionManager,up
1527106226069,Wed May 23 22:10:26 2018,SessionManager,up
1527106236082,Wed May 23 22:10:36 2018,SessionManager,up
1527106246095,Wed May 23 22:10:46 2018,SessionManager,up
1527106256108,Wed May 23 22:10:56 2018,SessionManager,up
1527106266122,Wed May 23 22:11:06 2018,SessionManager,up
1527106276129,Wed May 23 22:11:16 2018,SessionManager,up
1527106286141,Wed May 23 22:11:26 2018,SessionManager,up
1527106296149,Wed May 23 22:11:36 2018,SessionManager,up
1527106306158,Wed May 23 22:11:46 2018,SessionManager,up
1527106316168,Wed May 23 22:11:56 2018,SessionManager,up
1527163649357,Thu May 24 14:07:29 2018,SessionManager,up
1527163649364,Thu May 24 14:07:29 2018,SessionManager,up
1527163659368,Thu May 24 14:07:39 2018,SessionManager,up
1527163669379,Thu May 24 14:07:49 2018,SessionManager,up
1527163679392,Thu May 24 14:07:59 2018,SessionManager,up
1527163689404,Thu May 24 14:08:09 2018,SessionManager,up
1527163699417,Thu May 24 14:08:19 2018,SessionManager,up
1527163709428,Thu May 24 14:08:29 2018,SessionManager,up
1527163719439,Thu May 24 14:08:39 2018,SessionManager,up
1527163729450,Thu May 24 14:08:49 2018,SessionManager,up
1527163739460,Thu May 24 14:08:59 2018,SessionManager,up
1527163751243,Thu May 24 14:09:11 2018,SessionManager,up
1527163751246,Thu May 24 14:09:11 2018,SessionManager,up
1527163761255,Thu May 24 14:09:21 2018,SessionManager,up
1527163771262,Thu May 24 14:09:31 2018,SessionManager,up
1527163781272,Thu May 24 14:09:41 2018,SessionManager,up
1527163791285,Thu May 24 14:09:51 2018,SessionManager,up
1527163801295,Thu May 24 14:10:01 2018,SessionManager,up
1527163811306,Thu May 24 14:10:11 2018,SessionManager,up
1527163821315,Thu May 24 14:10:21 2018,SessionManager,up
1527163831326,Thu May 24 14:10:31 2018,SessionManager,up
1527163841335,Thu May 24 14:10:41 2018,SessionManager,up
1527163851346,Thu May 24 14:10:51 2018,SessionManager,up
1527163861356,Thu May 24 14:11:01 2018,SessionManager,up
1527163871366,Thu May 24 14:11:11 2018,SessionManager,up
1527163881375,Thu May 24 14:11:21 2018,SessionManager,up
1527163891384,Thu May 24 14:11:31 2018,SessionManager,up
1527163901394,Thu May 24 14:11:41 2018,SessionManager,up
1527163911404,Thu May 24 14:11:51 2018,SessionManager,up
1527163921413,Thu May 24 14:12:01 2018,SessionManager,up
1527163931422,Thu May 24 14:12:11 2018,SessionManager,up
1527163941429,Thu May 24 14:12:21 2018,SessionManager,up
1527163951436,Thu May 24 14:12:31 2018,SessionManager,up
1527163961447,Thu May 24 14:12:41 2018,SessionManager,up
1527163971459,Thu May 24 14:12:51 2018,SessionManager,up
1527163981471,Thu May 24 14:13:01 2018,SessionManager,up
1527163991479,Thu May 24 14:13:11 2018,SessionManager,up
1527164001490,Thu May 24 14:13:21 2018,SessionManager,up
1527164011497,Thu May 24 14:13:31 2018,SessionManager,up
1527164021509,Thu May 24 14:13:41 2018,SessionManager,up
1527164031520,Thu May 24 14:13:51 2018,SessionManager,up
1527164041531,Thu May 24 14:14:01 2018,SessionManager,up
1527164051539,Thu May 24 14:14:11 2018,SessionManager,up
1527164061550,Thu May 24 14:14:21 2018,SessionManager,up
1527164071559,Thu May 24 14:14:31 2018,SessionManager,up
1527164081569,Thu May 24 14:14:41 2018,SessionManager,up
1527164091581,Thu May 24 14:14:51 2018,SessionManager,up
1527164101591,Thu May 24 14:15:01 2018,SessionManager,up
1527164111603,Thu May 24 14:15:11 2018,SessionManager,up
1527164121608,Thu May 24 14:15:21 2018,SessionManager,up
1527164131619,Thu May 24 14:15:31 2018,SessionManager,up
1527164141625,Thu May 24 14:15:41 2018,SessionManager,up
1527164151634,Thu May 24 14:15:51 2018,SessionManager,up
1527164161645,Thu May 24 14:16:01 2018,SessionManager,up
1527164171658,Thu May 24 14:16:11 2018,SessionManager,up
1527164181665,Thu May 24 14:16:21 2018,SessionManager,up
1527164191673,Thu May 24 14:16:31 2018,SessionManager,up
1527164201682,Thu May 24 14:16:41 2018,SessionManager,up
1527164211692,Thu May 24 14:16:51 2018,SessionManager,up
1527164221699,Thu May 24 14:17:01 2018,SessionManager,up
1527164231706,Thu May 24 14:17:11 2018,SessionManager,up
1527164241715,Thu May 24 14:17:21 2018,SessionManager,up
1527164251725,Thu May 24 14:17:31 2018,SessionManager,up
1527164261730,Thu May 24 14:17:41 2018,SessionManager,up
1527164271740,Thu May 24 14:17:51 2018,SessionManager,up
1527164281747,Thu May 24 14:18:01 2018,SessionManager,up
1527164291751,Thu May 24 14:18:11 2018,SessionManager,up
1527164301760,Thu May 24 14:18:21 2018,SessionManager,up
1527164311771,Thu May 24 14:18:31 2018,SessionManager,up
1527164321781,Thu May 24 14:18:41 2018,SessionManager,up
1527164331790,Thu May 24 14:18:51 2018,SessionManager,up
1527164341799,Thu May 24 14:19:01 2018,SessionManager,up
1527164351810,Thu May 24 14:19:11 2018,SessionManager,up
1527164361820,Thu May 24 14:19:21 2018,SessionManager,up
1527164371829,Thu May 24 14:19:31 2018,SessionManager,up
1527164381834,Thu May 24 14:19:41 2018,SessionManager,up
1527164391843,Thu May 24 14:19:51 2018,SessionManager,up
1527164401853,Thu May 24 14:20:01 2018,SessionManager,up
1527164411859,Thu May 24 14:20:11 2018,SessionManager,up
1527164421867,Thu May 24 14:20:21 2018,SessionManager,up
1527164431875,Thu May 24 14:20:31 2018,SessionManager,up
1527164441889,Thu May 24 14:20:41 2018,SessionManager,up
1527164451902,Thu May 24 14:20:51 2018,SessionManager,up
1527164461915,Thu May 24 14:21:01 2018,SessionManager,up
1527164471926,Thu May 24 14:21:11 2018,SessionManager,up
1527164481948,Thu May 24 14:21:21 2018,SessionManager,up
1527164491961,Thu May 24 14:21:31 2018,SessionManager,up
1527164501972,Thu May 24 14:21:41 2018,SessionManager,up
1527164511976,Thu May 24 14:21:51 2018,SessionManager,up
1527164521985,Thu May 24 14:22:01 2018,SessionManager,up
1527164531996,Thu May 24 14:22:11 2018,SessionManager,up
1527164542011,Thu May 24 14:22:22 2018,SessionManager,up
1527164552020,Thu May 24 14:22:32 2018,SessionManager,up
1527164562032,Thu May 24 14:22:42 2018,SessionManager,up
1527164572036,Thu May 24 14:22:52 2018,SessionManager,up
1527164582045,Thu May 24 14:23:02 2018,SessionManager,up
1527164588068,Thu May 24 14:23:08 2018,SessionManager,up
1527164593098,Thu May 24 14:23:13 2018,SessionManager,up
1527164603102,Thu May 24 14:23:23 2018,SessionManager,up
1527164613110,Thu May 24 14:23:33 2018,SessionManager,up
1527164623115,Thu May 24 14:23:43 2018,SessionManager,up
1527164633121,Thu May 24 14:23:53 2018,SessionManager,up
1527164643132,Thu May 24 14:24:03 2018,SessionManager,up
1527164653142,Thu May 24 14:24:13 2018,SessionManager,up
1527164663153,Thu May 24 14:24:23 2018,SessionManager,up
1527164673162,Thu May 24 14:24:33 2018,SessionManager,up
1527164683173,Thu May 24 14:24:43 2018,SessionManager,up
1527164693184,Thu May 24 14:24:53 2018,SessionManager,up
1527164703199,Thu May 24 14:25:03 2018,SessionManager,up
1527164713215,Thu May 24 14:25:13 2018,SessionManager,up
1527164723224,Thu May 24 14:25:23 2018,SessionManager,up
1527164733234,Thu May 24 14:25:33 2018,SessionManager,up
1527164743246,Thu May 24 14:25:43 2018,SessionManager,up
1527164753257,Thu May 24 14:25:53 2018,SessionManager,up
1527164763267,Thu May 24 14:26:03 2018,SessionManager,up
1527164773276,Thu May 24 14:26:13 2018,SessionManager,up
1527164783281,Thu May 24 14:26:23 2018,SessionManager,up
1527164793289,Thu May 24 14:26:33 2018,SessionManager,up
1527164803300,Thu May 24 14:26:43 2018,SessionManager,up
1527164813310,Thu May 24 14:26:53 2018,SessionManager,up
1527164823323,Thu May 24 14:27:03 2018,SessionManager,up
1527164833331,Thu May 24 14:27:13 2018,SessionManager,up
1527164843343,Thu May 24 14:27:23 2018,SessionManager,up
1527164853351,Thu May 24 14:27:33 2018,SessionManager,up
1527164863368,Thu May 24 14:27:43 2018,SessionManager,up
1527164873383,Thu May 24 14:27:53 2018,SessionManager,up
1527164883392,Thu May 24 14:28:03 2018,SessionManager,up
1527164893397,Thu May 24 14:28:13 2018,SessionManager,up
1527164903406,Thu May 24 14:28:23 2018,SessionManager,up
1527164913418,Thu May 24 14:28:33 2018,SessionManager,up
1527164923422,Thu May 24 14:28:43 2018,SessionManager,up
1527164933430,Thu May 24 14:28:53 2018,SessionManager,up
1527164943438,Thu May 24 14:29:03 2018,SessionManager,up
1527164953446,Thu May 24 14:29:13 2018,SessionManager,up
1527164963460,Thu May 24 14:29:23 2018,SessionManager,up
1527164973471,Thu May 24 14:29:33 2018,SessionManager,up
1527164974851,Thu May 24 14:29:34 2018,SessionManager,up
1527164983474,Thu May 24 14:29:43 2018,SessionManager,up
1527164993483,Thu May 24 14:29:53 2018,SessionManager,up
1527165003489,Thu May 24 14:30:03 2018,SessionManager,up
1527165013496,Thu May 24 14:30:13 2018,SessionManager,up
1527165023506,Thu May 24 14:30:23 2018,SessionManager,up
1527165033517,Thu May 24 14:30:33 2018,SessionManager,up
1527165043527,Thu May 24 14:30:43 2018,SessionManager,up
1527165053537,Thu May 24 14:30:53 2018,SessionManager,up
1527165063543,Thu May 24 14:31:03 2018,SessionManager,up
1527165073553,Thu May 24 14:31:13 2018,SessionManager,up
1527165083562,Thu May 24 14:31:23 2018,SessionManager,up
1527165093572,Thu May 24 14:31:33 2018,SessionManager,up
1527165103581,Thu May 24 14:31:43 2018,SessionManager,up
1527165135197,Thu May 24 14:32:15 2018,SessionManager,up
1527165135201,Thu May 24 14:32:15 2018,SessionManager,up
1527165145216,Thu May 24 14:32:25 2018,SessionManager,up
1527165153048,Thu May 24 14:32:33 2018,SessionManager,up
1527165155227,Thu May 24 14:32:35 2018,SessionManager,up
1527165165237,Thu May 24 14:32:45 2018,SessionManager,up
1527165175247,Thu May 24 14:32:55 2018,SessionManager,up
1527165185250,Thu May 24 14:33:05 2018,SessionManager,up
1527165195254,Thu May 24 14:33:15 2018,SessionManager,up
1527165205261,Thu May 24 14:33:25 2018,SessionManager,up
1527165215267,Thu May 24 14:33:35 2018,SessionManager,up
1527165225279,Thu May 24 14:33:45 2018,SessionManager,up
1527165235283,Thu May 24 14:33:55 2018,SessionManager,up
1527165245289,Thu May 24 14:34:05 2018,SessionManager,up
1527165255294,Thu May 24 14:34:15 2018,SessionManager,up
1527165258955,Thu May 24 14:34:18 2018,SessionManager,up
1527165265299,Thu May 24 14:34:25 2018,SessionManager,up
1527165275303,Thu May 24 14:34:35 2018,SessionManager,up
1527165279904,Thu May 24 14:34:39 2018,SessionManager,up
1527165285682,Thu May 24 14:34:45 2018,SessionManager,up
1527165295689,Thu May 24 14:34:55 2018,SessionManager,up
1527165305697,Thu May 24 14:35:05 2018,SessionManager,up
1527165315708,Thu May 24 14:35:15 2018,SessionManager,up
1527165324146,Thu May 24 14:35:24 2018,SessionManager,up
1527165325718,Thu May 24 14:35:25 2018,SessionManager,up
1527165335727,Thu May 24 14:35:35 2018,SessionManager,up
1527165345743,Thu May 24 14:35:45 2018,SessionManager,up
1527165355758,Thu May 24 14:35:55 2018,SessionManager,up
1527165365779,Thu May 24 14:36:05 2018,SessionManager,up
1527165375788,Thu May 24 14:36:15 2018,SessionManager,up
1527165385802,Thu May 24 14:36:25 2018,SessionManager,up
1527165395821,Thu May 24 14:36:35 2018,SessionManager,up
1527165405833,Thu May 24 14:36:45 2018,SessionManager,up
1527165415842,Thu May 24 14:36:55 2018,SessionManager,up
1527165425854,Thu May 24 14:37:05 2018,SessionManager,up
1527165435863,Thu May 24 14:37:15 2018,SessionManager,up
1527165445876,Thu May 24 14:37:25 2018,SessionManager,up
1527165455888,Thu May 24 14:37:35 2018,SessionManager,up
1527165465921,Thu May 24 14:37:45 2018,SessionManager,up
1527165475934,Thu May 24 14:37:55 2018,SessionManager,up
1527165485945,Thu May 24 14:38:05 2018,SessionManager,up
1527165495958,Thu May 24 14:38:15 2018,SessionManager,up
1527165505972,Thu May 24 14:38:25 2018,SessionManager,up
1527165515985,Thu May 24 14:38:35 2018,SessionManager,up
1527165525995,Thu May 24 14:38:45 2018,SessionManager,up
1527165536002,Thu May 24 14:38:56 2018,SessionManager,up
1527165546013,Thu May 24 14:39:06 2018,SessionManager,up
1527165556024,Thu May 24 14:39:16 2018,SessionManager,up
1527165566035,Thu May 24 14:39:26 2018,SessionManager,up
1527165576044,Thu May 24 14:39:36 2018,SessionManager,up
1527165586052,Thu May 24 14:39:46 2018,SessionManager,up
1527165596068,Thu May 24 14:39:56 2018,SessionManager,up
1527165606083,Thu May 24 14:40:06 2018,SessionManager,up
1527165616092,Thu May 24 14:40:16 2018,SessionManager,up
1527165626100,Thu May 24 14:40:26 2018,SessionManager,up
1527165636113,Thu May 24 14:40:36 2018,SessionManager,up
1527165646125,Thu May 24 14:40:46 2018,SessionManager,up
1527165656139,Thu May 24 14:40:56 2018,SessionManager,up
1527165666147,Thu May 24 14:41:06 2018,SessionManager,up
1527165676156,Thu May 24 14:41:16 2018,SessionManager,up
1527165764359,Thu May 24 14:42:44 2018,SessionManager,up
1527165978968,Thu May 24 14:46:18 2018,SessionManager,up
1527166084261,Thu May 24 14:48:04 2018,SessionManager,up
1527166084278,Thu May 24 14:48:04 2018,SessionManager,up
1527166094294,Thu May 24 14:48:14 2018,SessionManager,up
1527166104304,Thu May 24 14:48:24 2018,SessionManager,up
1527166114313,Thu May 24 14:48:34 2018,SessionManager,up
1527166124322,Thu May 24 14:48:44 2018,SessionManager,up
1527166134330,Thu May 24 14:48:54 2018,SessionManager,up
1527166144336,Thu May 24 14:49:04 2018,SessionManager,up
1527166154345,Thu May 24 14:49:14 2018,SessionManager,up
1527166331467,Thu May 24 14:52:11 2018,SessionManager,up
1527166331498,Thu May 24 14:52:11 2018,SessionManager,up
1527166341509,Thu May 24 14:52:21 2018,SessionManager,up
1527166351523,Thu May 24 14:52:31 2018,SessionManager,up
1527166361528,Thu May 24 14:52:41 2018,SessionManager,up
1527166371538,Thu May 24 14:52:51 2018,SessionManager,up
1527166381546,Thu May 24 14:53:01 2018,SessionManager,up
1527166391554,Thu May 24 14:53:11 2018,SessionManager,up
1527166401561,Thu May 24 14:53:21 2018,SessionManager,up
1527166411567,Thu May 24 14:53:31 2018,SessionManager,up
1527166421572,Thu May 24 14:53:41 2018,SessionManager,up
1527166431577,Thu May 24 14:53:51 2018,SessionManager,up
1527166441585,Thu May 24 14:54:01 2018,SessionManager,up
1527166451592,Thu May 24 14:54:11 2018,SessionManager,up
1527166461606,Thu May 24 14:54:21 2018,SessionManager,up
1527166478288,Thu May 24 14:54:38 2018,SessionManager,up
1527166592766,Thu May 24 14:56:32 2018,SessionManager,up
1527166740844,Thu May 24 14:59:00 2018,SessionManager,up
1527166740853,Thu May 24 14:59:00 2018,SessionManager,up
1527166750865,Thu May 24 14:59:10 2018,SessionManager,up
1527166760869,Thu May 24 14:59:20 2018,SessionManager,up
1527166770879,Thu May 24 14:59:30 2018,SessionManager,up
1527166780893,Thu May 24 14:59:40 2018,SessionManager,up
1527166790901,Thu May 24 14:59:50 2018,SessionManager,up
1527166800914,Thu May 24 15:00:00 2018,SessionManager,up
1527166810919,Thu May 24 15:00:10 2018,SessionManager,up
1527166820931,Thu May 24 15:00:20 2018,SessionManager,up
1527166830940,Thu May 24 15:00:30 2018,SessionManager,up
1527166840953,Thu May 24 15:00:40 2018,SessionManager,up
1527166850962,Thu May 24 15:00:50 2018,SessionManager,up
1527166860969,Thu May 24 15:01:00 2018,SessionManager,up
1527166870980,Thu May 24 15:01:10 2018,SessionManager,up
1527166880990,Thu May 24 15:01:20 2018,SessionManager,up
1527166891000,Thu May 24 15:01:30 2018,SessionManager,up
1527166901012,Thu May 24 15:01:41 2018,SessionManager,up
1527166911024,Thu May 24 15:01:51 2018,SessionManager,up
1527166921029,Thu May 24 15:02:01 2018,SessionManager,up
1527166931038,Thu May 24 15:02:11 2018,SessionManager,up
1527166941046,Thu May 24 15:02:21 2018,SessionManager,up
1527166951058,Thu May 24 15:02:31 2018,SessionManager,up
1527166961062,Thu May 24 15:02:41 2018,SessionManager,up
1527166971072,Thu May 24 15:02:51 2018,SessionManager,up
1527166981083,Thu May 24 15:03:01 2018,SessionManager,up
1527166991095,Thu May 24 15:03:11 2018,SessionManager,up
1527167016128,Thu May 24 15:03:36 2018,SessionManager,up
1527167016128,Thu May 24 15:03:36 2018,SessionManager,down
1527167026137,Thu May 24 15:03:46 2018,SessionManager,up
1527167036145,Thu May 24 15:03:56 2018,SessionManager,up
1527167046154,Thu May 24 15:04:06 2018,SessionManager,up
1527167056167,Thu May 24 15:04:16 2018,SessionManager,up
1527167066179,Thu May 24 15:04:26 2018,SessionManager,up
1527167076187,Thu May 24 15:04:36 2018,SessionManager,up
1527167086199,Thu May 24 15:04:46 2018,SessionManager,up
1527167096213,Thu May 24 15:04:56 2018,SessionManager,up
1527167106225,Thu May 24 15:05:06 2018,SessionManager,up
1527167116240,Thu May 24 15:05:16 2018,SessionManager,up
1527167126254,Thu May 24 15:05:26 2018,SessionManager,up
1527167136263,Thu May 24 15:05:36 2018,SessionManager,up
1527167146268,Thu May 24 15:05:46 2018,SessionManager,up
1527167156278,Thu May 24 15:05:56 2018,SessionManager,up
1527167166286,Thu May 24 15:06:06 2018,SessionManager,up
1527167176300,Thu May 24 15:06:16 2018,SessionManager,up
1527167186316,Thu May 24 15:06:26 2018,SessionManager,up
1527167196324,Thu May 24 15:06:36 2018,SessionManager,up
1527167206332,Thu May 24 15:06:46 2018,SessionManager,up
1527167216338,Thu May 24 15:06:56 2018,SessionManager,up
1527167226347,Thu May 24 15:07:06 2018,SessionManager,up
1527167236355,Thu May 24 15:07:16 2018,SessionManager,up
1527167246364,Thu May 24 15:07:26 2018,SessionManager,up
1527167256371,Thu May 24 15:07:36 2018,SessionManager,up
1527167282880,Thu May 24 15:08:02 2018,SessionManager,up
1527167282880,Thu May 24 15:08:02 2018,SessionManager,down
1527167292893,Thu May 24 15:08:12 2018,SessionManager,up
1527167302907,Thu May 24 15:08:22 2018,SessionManager,up
1527167312916,Thu May 24 15:08:32 2018,SessionManager,up
1527167322925,Thu May 24 15:08:42 2018,SessionManager,up
1527167332934,Thu May 24 15:08:52 2018,SessionManager,up
1527167342942,Thu May 24 15:09:02 2018,SessionManager,up
1527167352951,Thu May 24 15:09:12 2018,SessionManager,up
1527167362964,Thu May 24 15:09:22 2018,SessionManager,up
1527167372980,Thu May 24 15:09:32 2018,SessionManager,up
1527167382994,Thu May 24 15:09:42 2018,SessionManager,up
1527167393002,Thu May 24 15:09:52 2018,SessionManager,up
1527167403009,Thu May 24 15:10:03 2018,SessionManager,up
1527167413023,Thu May 24 15:10:13 2018,SessionManager,up
1527167423032,Thu May 24 15:10:23 2018,SessionManager,up
1527167433041,Thu May 24 15:10:33 2018,SessionManager,up
1527167443049,Thu May 24 15:10:43 2018,SessionManager,up
1527167453063,Thu May 24 15:10:53 2018,SessionManager,up
1527167463074,Thu May 24 15:11:03 2018,SessionManager,up
1527167473085,Thu May 24 15:11:13 2018,SessionManager,up
1527167483100,Thu May 24 15:11:23 2018,SessionManager,up
1527167493109,Thu May 24 15:11:33 2018,SessionManager,up
1527167503124,Thu May 24 15:11:43 2018,SessionManager,up
1527167513131,Thu May 24 15:11:53 2018,SessionManager,up
1527167523139,Thu May 24 15:12:03 2018,SessionManager,up
1527167533150,Thu May 24 15:12:13 2018,SessionManager,up
1527167543159,Thu May 24 15:12:23 2018,SessionManager,up
1527167553167,Thu May 24 15:12:33 2018,SessionManager,up
1527167563175,Thu May 24 15:12:43 2018,SessionManager,up
1527167573183,Thu May 24 15:12:53 2018,SessionManager,up
1527167583191,Thu May 24 15:13:03 2018,SessionManager,up
1527167593211,Thu May 24 15:13:13 2018,SessionManager,up
1527167603226,Thu May 24 15:13:23 2018,SessionManager,up
1527167613238,Thu May 24 15:13:33 2018,SessionManager,up
1527167623250,Thu May 24 15:13:43 2018,SessionManager,up
1527167633257,Thu May 24 15:13:53 2018,SessionManager,up
1527167643267,Thu May 24 15:14:03 2018,SessionManager,up
1527167653276,Thu May 24 15:14:13 2018,SessionManager,up
1527167663284,Thu May 24 15:14:23 2018,SessionManager,up
1527167673292,Thu May 24 15:14:33 2018,SessionManager,up
1527167695793,Thu May 24 15:14:55 2018,SessionManager,up
1527167695793,Thu May 24 15:14:55 2018,SessionManager,down
1527167705799,Thu May 24 15:15:05 2018,SessionManager,up
1527167715808,Thu May 24 15:15:15 2018,SessionManager,up
1527167725825,Thu May 24 15:15:25 2018,SessionManager,up
1527167735839,Thu May 24 15:15:35 2018,SessionManager,up
1527167745850,Thu May 24 15:15:45 2018,SessionManager,up
1527167755858,Thu May 24 15:15:55 2018,SessionManager,up
1527167765865,Thu May 24 15:16:05 2018,SessionManager,up
1527167775877,Thu May 24 15:16:15 2018,SessionManager,up
1527167785891,Thu May 24 15:16:25 2018,SessionManager,up
1527167795905,Thu May 24 15:16:35 2018,SessionManager,up
1527167805914,Thu May 24 15:16:45 2018,SessionManager,up
1527167815923,Thu May 24 15:16:55 2018,SessionManager,up
1527167825929,Thu May 24 15:17:05 2018,SessionManager,up
1527167835941,Thu May 24 15:17:15 2018,SessionManager,up
1527167845950,Thu May 24 15:17:25 2018,SessionManager,up
1527167855959,Thu May 24 15:17:35 2018,SessionManager,up
1527167865971,Thu May 24 15:17:45 2018,SessionManager,up
1527167875983,Thu May 24 15:17:55 2018,SessionManager,up
1527167885996,Thu May 24 15:18:05 2018,SessionManager,up
1527167896004,Thu May 24 15:18:16 2018,SessionManager,up
1527167906012,Thu May 24 15:18:26 2018,SessionManager,up
1527167916019,Thu May 24 15:18:36 2018,SessionManager,up
1527167926033,Thu May 24 15:18:46 2018,SessionManager,up
1527167936041,Thu May 24 15:18:56 2018,SessionManager,up
1527167946052,Thu May 24 15:19:06 2018,SessionManager,up
1527167956061,Thu May 24 15:19:16 2018,SessionManager,up
1527167966071,Thu May 24 15:19:26 2018,SessionManager,up
1527167976076,Thu May 24 15:19:36 2018,SessionManager,up
1527167986088,Thu May 24 15:19:46 2018,SessionManager,up
1527167996101,Thu May 24 15:19:56 2018,SessionManager,up
1527168006108,Thu May 24 15:20:06 2018,SessionManager,up
1527168016116,Thu May 24 15:20:16 2018,SessionManager,up
1527168026125,Thu May 24 15:20:26 2018,SessionManager,up
1527168036137,Thu May 24 15:20:36 2018,SessionManager,up
1527168046146,Thu May 24 15:20:46 2018,SessionManager,up
1527168056160,Thu May 24 15:20:56 2018,SessionManager,up
1527168066169,Thu May 24 15:21:06 2018,SessionManager,up
1527168076182,Thu May 24 15:21:16 2018,SessionManager,up
1527168086192,Thu May 24 15:21:26 2018,SessionManager,up
1527168096199,Thu May 24 15:21:36 2018,SessionManager,up
1527168106207,Thu May 24 15:21:46 2018,SessionManager,up
1527168116222,Thu May 24 15:21:56 2018,SessionManager,up
1527168126230,Thu May 24 15:22:06 2018,SessionManager,up
1527168136242,Thu May 24 15:22:16 2018,SessionManager,up
1527168146257,Thu May 24 15:22:26 2018,SessionManager,up
1527168156267,Thu May 24 15:22:36 2018,SessionManager,up
1527168166276,Thu May 24 15:22:46 2018,SessionManager,up
1527168176284,Thu May 24 15:22:56 2018,SessionManager,up
1527168186298,Thu May 24 15:23:06 2018,SessionManager,up
1527168196306,Thu May 24 15:23:16 2018,SessionManager,up
1527168206320,Thu May 24 15:23:26 2018,SessionManager,up
1527168216329,Thu May 24 15:23:36 2018,SessionManager,up
1527168226337,Thu May 24 15:23:46 2018,SessionManager,up
1527168236346,Thu May 24 15:23:56 2018,SessionManager,up
1527168246355,Thu May 24 15:24:06 2018,SessionManager,up
1527168256367,Thu May 24 15:24:16 2018,SessionManager,up
1527168266381,Thu May 24 15:24:26 2018,SessionManager,up
1527168276390,Thu May 24 15:24:36 2018,SessionManager,up
1527168286399,Thu May 24 15:24:46 2018,SessionManager,up
1527168296408,Thu May 24 15:24:56 2018,SessionManager,up
1527168306418,Thu May 24 15:25:06 2018,SessionManager,up
1527168316427,Thu May 24 15:25:16 2018,SessionManager,up
1527168326436,Thu May 24 15:25:26 2018,SessionManager,up
1527168336451,Thu May 24 15:25:36 2018,SessionManager,up
1527168346465,Thu May 24 15:25:46 2018,SessionManager,up
1527168356476,Thu May 24 15:25:56 2018,SessionManager,up
1527168366488,Thu May 24 15:26:06 2018,SessionManager,up
1527168376498,Thu May 24 15:26:16 2018,SessionManager,up
1527168386511,Thu May 24 15:26:26 2018,SessionManager,up
1527168396520,Thu May 24 15:26:36 2018,SessionManager,up
1527168406528,Thu May 24 15:26:46 2018,SessionManager,up
1527168416537,Thu May 24 15:26:56 2018,SessionManager,up
1527168426547,Thu May 24 15:27:06 2018,SessionManager,up
1527168436557,Thu May 24 15:27:16 2018,SessionManager,up
1527168446566,Thu May 24 15:27:26 2018,SessionManager,up
1527168456582,Thu May 24 15:27:36 2018,SessionManager,up
1527168466599,Thu May 24 15:27:46 2018,SessionManager,up
1527168476606,Thu May 24 15:27:56 2018,SessionManager,up
1527168486621,Thu May 24 15:28:06 2018,SessionManager,up
1527168496630,Thu May 24 15:28:16 2018,SessionManager,up
1527168506640,Thu May 24 15:28:26 2018,SessionManager,up
1527168516648,Thu May 24 15:28:36 2018,SessionManager,up
1527168526661,Thu May 24 15:28:46 2018,SessionManager,up
1527168536671,Thu May 24 15:28:56 2018,SessionManager,up
1527168546679,Thu May 24 15:29:06 2018,SessionManager,up
1527168556691,Thu May 24 15:29:16 2018,SessionManager,up
1527168566704,Thu May 24 15:29:26 2018,SessionManager,up
1527168576712,Thu May 24 15:29:36 2018,SessionManager,up
1527168586725,Thu May 24 15:29:46 2018,SessionManager,up
1527168596733,Thu May 24 15:29:56 2018,SessionManager,up
1527168606741,Thu May 24 15:30:06 2018,SessionManager,up
1527168616750,Thu May 24 15:30:16 2018,SessionManager,up
1527168626760,Thu May 24 15:30:26 2018,SessionManager,up
1527168636768,Thu May 24 15:30:36 2018,SessionManager,up
1527168646778,Thu May 24 15:30:46 2018,SessionManager,up
1527168656791,Thu May 24 15:30:56 2018,SessionManager,up
1527168666804,Thu May 24 15:31:06 2018,SessionManager,up
1527168676811,Thu May 24 15:31:16 2018,SessionManager,up
1527168686819,Thu May 24 15:31:26 2018,SessionManager,up
1527168696830,Thu May 24 15:31:36 2018,SessionManager,up
1527168706839,Thu May 24 15:31:46 2018,SessionManager,up
1527168716842,Thu May 24 15:31:56 2018,SessionManager,up
1527168726847,Thu May 24 15:32:06 2018,SessionManager,up
1527168736862,Thu May 24 15:32:16 2018,SessionManager,up
1527168746874,Thu May 24 15:32:26 2018,SessionManager,up
1527168756882,Thu May 24 15:32:36 2018,SessionManager,up
1527168766896,Thu May 24 15:32:46 2018,SessionManager,up
1527168776913,Thu May 24 15:32:56 2018,SessionManager,up
1527168786925,Thu May 24 15:33:06 2018,SessionManager,up
1527168796933,Thu May 24 15:33:16 2018,SessionManager,up
1527168806940,Thu May 24 15:33:26 2018,SessionManager,up
1527168816949,Thu May 24 15:33:36 2018,SessionManager,up
1527168826955,Thu May 24 15:33:46 2018,SessionManager,up
1527168836967,Thu May 24 15:33:56 2018,SessionManager,up
1527168846981,Thu May 24 15:34:06 2018,SessionManager,up
1527168856990,Thu May 24 15:34:16 2018,SessionManager,up
1527168866998,Thu May 24 15:34:26 2018,SessionManager,up
1527168877006,Thu May 24 15:34:37 2018,SessionManager,up
1527168887011,Thu May 24 15:34:47 2018,SessionManager,up
1527168897025,Thu May 24 15:34:57 2018,SessionManager,up
1527168907039,Thu May 24 15:35:07 2018,SessionManager,up
1527168917048,Thu May 24 15:35:17 2018,SessionManager,up
1527168927057,Thu May 24 15:35:27 2018,SessionManager,up
1527168937065,Thu May 24 15:35:37 2018,SessionManager,up
1527168947080,Thu May 24 15:35:47 2018,SessionManager,up
1527168957084,Thu May 24 15:35:57 2018,SessionManager,up
1527168967097,Thu May 24 15:36:07 2018,SessionManager,up
1527168977106,Thu May 24 15:36:17 2018,SessionManager,up
1527168987114,Thu May 24 15:36:27 2018,SessionManager,up
1527168997122,Thu May 24 15:36:37 2018,SessionManager,up
1527169007131,Thu May 24 15:36:47 2018,SessionManager,up
1527169017136,Thu May 24 15:36:57 2018,SessionManager,up
1527169027145,Thu May 24 15:37:07 2018,SessionManager,up
1527169037159,Thu May 24 15:37:17 2018,SessionManager,up
1527169047163,Thu May 24 15:37:27 2018,SessionManager,up
1527169057172,Thu May 24 15:37:37 2018,SessionManager,up
1527169067184,Thu May 24 15:37:47 2018,SessionManager,up
1527169077193,Thu May 24 15:37:57 2018,SessionManager,up
1527169087201,Thu May 24 15:38:07 2018,SessionManager,up
1527169097214,Thu May 24 15:38:17 2018,SessionManager,up
1527169107219,Thu May 24 15:38:27 2018,SessionManager,up
1527169117227,Thu May 24 15:38:37 2018,SessionManager,up
1527169127239,Thu May 24 15:38:47 2018,SessionManager,up
1527169137246,Thu May 24 15:38:57 2018,SessionManager,up
1527169147257,Thu May 24 15:39:07 2018,SessionManager,up
1527169157265,Thu May 24 15:39:17 2018,SessionManager,up
1527169167274,Thu May 24 15:39:27 2018,SessionManager,up
1527169177285,Thu May 24 15:39:37 2018,SessionManager,up
1527169187294,Thu May 24 15:39:47 2018,SessionManager,up
1527169197306,Thu May 24 15:39:57 2018,SessionManager,up
1527169207312,Thu May 24 15:40:07 2018,SessionManager,up
1527169217325,Thu May 24 15:40:17 2018,SessionManager,up
1527169227337,Thu May 24 15:40:27 2018,SessionManager,up
1527169237345,Thu May 24 15:40:37 2018,SessionManager,up
1527169247349,Thu May 24 15:40:47 2018,SessionManager,up
1527169257359,Thu May 24 15:40:57 2018,SessionManager,up
1527169267363,Thu May 24 15:41:07 2018,SessionManager,up
1527169277377,Thu May 24 15:41:17 2018,SessionManager,up
1527169287385,Thu May 24 15:41:27 2018,SessionManager,up
